,date,household,household_io(mom),household(mom),pop_density,pop(mom),area,men,women,total,size
0,2018-12-01,1416202,,467.0,12109.30243,2726579,大阪市,1410490,1316646,2727136,225.21
1,2018-12-01,80664,,49.0,12924.17795,133462,北区,68980,64656,133636,10.34
2,2018-12-01,54479,,-4.0,17572.36842,106861,都島区,55404,51436,106840,6.08
3,2018-12-01,40364,,71.0,16298.501069999998,76006,福島区,40062,36052,76114,4.67
4,2018-12-01,31555,,23.0,3424.831169,65897,此花区,33741,32187,65928,19.25
5,2018-12-01,62915,,26.0,11094.36302,98265,中央区,52513,45894,98407,8.87
6,2018-12-01,58022,,48.0,19339.15547,100625,西区,53540,47217,100757,5.21
7,2018-12-01,41078,,0.0,10307.50636,81073,港区,41526,39491,81017,7.86
8,2018-12-01,29643,,-15.0,6741.675504000002,63654,大正区,32598,30976,63574,9.43
9,2018-12-01,40195,,53.0,16389.66942,79273,天王寺区,42519,36807,79326,4.84
10,2018-12-01,50801,,-81.0,16661.04784,73234,浪速区,36142,37000,73142,4.39
11,2018-12-01,44841,,-11.0,6738.7482420000015,95865,西淀川区,48802,47023,95825,14.22
12,2018-12-01,100006,,3.0,14318.59177,180976,淀川区,91142,89845,180987,12.64
13,2018-12-01,96438,,56.0,13272.19292,176022,東淀川区,89589,86533,176122,13.27
14,2018-12-01,43132,,86.0,18289.64758,82929,東成区,43478,39557,83035,4.54
15,2018-12-01,66429,,18.0,15488.41099,129646,生野区,67294,62344,129638,8.37
16,2018-12-01,44556,,-25.0,14396.0443,91029,旭区,47779,43204,90983,6.32
17,2018-12-01,79612,,45.0,19920.88305,166914,城東区,87632,79305,166937,8.38
18,2018-12-01,47480,,55.0,13645.04284,111370,鶴見区,58257,53223,111480,8.17
19,2018-12-01,51711,,-20.0,18264.38127,109249,阿倍野区,58924,50297,109221,5.98
20,2018-12-01,58353,,-1.0,5883.212033,121307,住之江区,63113,58140,121253,20.61
21,2018-12-01,73321,,7.0,16323.29787,153402,住吉区,81927,71512,153439,9.4
22,2018-12-01,59374,,41.0,12908.61538,125836,東住吉区,66857,59002,125859,9.75
23,2018-12-01,91416,,119.0,12689.26702,193848,平野区,102228,91664,193892,15.28
24,2018-12-01,69817,,-76.0,14887.92402,109836,西成区,46443,63281,109724,7.37
25,2018-11-01,1415735,,2752.0,12106.82918,2725006,大阪市,1410126,1316453,2726579,225.21
26,2018-11-01,80615,,232.0,12907.3501,133123,北区,68874,64588,133462,10.34
27,2018-11-01,54483,,59.0,17575.822369999998,106858,都島区,55421,51440,106861,6.08
28,2018-11-01,40293,,92.0,16275.37473,75896,福島区,40025,35981,76006,4.67
29,2018-11-01,31532,,27.0,3423.220779,65914,此花区,33714,32183,65897,19.25
30,2018-11-01,62889,,208.0,11078.354,98094,中央区,52441,45824,98265,8.87
31,2018-11-01,57974,,208.0,19313.81958,100437,西区,53447,47178,100625,5.21
32,2018-11-01,41078,,97.0,10314.63104,81076,港区,41576,39497,81073,7.86
33,2018-11-01,29658,,-16.0,6750.159067000001,63741,大正区,32636,31018,63654,9.43
34,2018-11-01,40142,,76.0,16378.71901,79177,天王寺区,42472,36801,79273,4.84
35,2018-11-01,50882,,287.0,16682.00456,72991,浪速区,36210,37024,73234,4.39
36,2018-11-01,44852,,120.0,6741.561181,95749,西淀川区,48809,47056,95865,14.22
37,2018-11-01,100003,,129.0,14317.72152,180998,淀川区,91140,89836,180976,12.64
38,2018-11-01,96382,,74.0,13264.65712,176031,東淀川区,89546,86476,176022,13.27
39,2018-11-01,43046,,97.0,18266.29956,82857,東成区,43464,39465,82929,4.54
40,2018-11-01,66411,,283.0,15489.36679,129379,生野区,67284,62362,129646,8.37
41,2018-11-01,44581,,48.0,14403.32278,91072,旭区,47799,43230,91029,6.32
42,2018-11-01,79567,,119.0,19918.13842,166852,城東区,87610,79304,166914,8.38
43,2018-11-01,47425,,69.0,13631.57895,111268,鶴見区,58191,53179,111370,8.17
44,2018-11-01,51731,,81.0,18269.06355,109172,阿倍野区,58940,50309,109249,5.98
45,2018-11-01,58354,,31.0,5885.83212,121364,住之江区,63124,58183,121307,20.61
46,2018-11-01,73314,,130.0,16319.3617,153361,住吉区,81881,71521,153402,9.4
47,2018-11-01,59333,,0.0,12906.25641,125907,東住吉区,66836,59000,125836,9.75
48,2018-11-01,91297,,119.0,12686.38743,193925,平野区,102192,91656,193848,15.28
49,2018-11-01,69893,,182.0,14903.12076,109764,西成区,46494,63342,109836,7.37
50,2018-10-01,1412983,,111.0,12099.84459,2724355,大阪市,1409264,1315742,2725006,225.21
51,2018-10-01,80383,,43.0,12874.5648,133011,北区,68713,64410,133123,10.34
52,2018-10-01,54424,,-5.0,17575.32895,106828,都島区,55429,51429,106858,6.08
53,2018-10-01,40201,,130.0,16251.820130000002,75510,福島区,39988,35908,75896,4.67
54,2018-10-01,31505,,-37.0,3424.103896,65986,此花区,33713,32201,65914,19.25
55,2018-10-01,62681,,21.0,11059.07554,97931,中央区,52348,45746,98094,8.87
56,2018-10-01,57766,,-22.0,19277.73512,100359,西区,53355,47082,100437,5.21
57,2018-10-01,40981,,-28.0,10315.01272,81106,港区,41562,39514,81076,7.86
58,2018-10-01,29674,,3.0,6759.3849420000015,63743,大正区,32685,31056,63741,9.43
59,2018-10-01,40066,,79.0,16358.8843,79019,天王寺区,42414,36763,79177,4.84
60,2018-10-01,50595,,-33.0,16626.65148,72966,浪速区,36082,36909,72991,4.39
61,2018-10-01,44732,,14.0,6733.403656999999,95711,西淀川区,48734,47015,95749,14.22
62,2018-10-01,99874,,55.0,14319.46203,180893,淀川区,91137,89861,180998,12.64
63,2018-10-01,96308,,22.0,13265.33534,176021,東淀川区,89557,86474,176031,13.27
64,2018-10-01,42949,,-38.0,18250.44053,82909,東成区,43404,39453,82857,4.54
65,2018-10-01,66128,,-10.0,15457.46714,129460,生野区,67130,62249,129379,8.37
66,2018-10-01,44533,,-3.0,14410.126580000002,91093,旭区,47822,43250,91072,6.32
67,2018-10-01,79448,,59.0,19910.73986,166777,城東区,87557,79295,166852,8.38
68,2018-10-01,47356,,12.0,13619.09425,111244,鶴見区,58123,53145,111268,8.17
69,2018-10-01,51650,,16.0,18256.18729,109111,阿倍野区,58920,50252,109172,5.98
70,2018-10-01,58323,,-29.0,5888.597768,121420,住之江区,63146,58218,121364,20.61
71,2018-10-01,73184,,-23.0,16315.0,153385,住吉区,81870,71491,153361,9.4
72,2018-10-01,59333,,1.0,12913.53846,125943,東住吉区,66856,59051,125907,9.75
73,2018-10-01,91178,,-45.0,12691.4267,194044,平野区,102261,91664,193925,15.28
74,2018-10-01,69711,,-71.0,14893.35142,109885,西成区,46458,63306,109764,7.37
75,2018-09-01,1412872,,874.0,12096.95395,2724007,大阪市,1408816,1315539,2724355,225.21
76,2018-09-01,80340,,132.0,12863.73308,132761,北区,68666,64345,133011,10.34
77,2018-09-01,54429,,24.0,17570.39474,106797,都島区,55404,51424,106828,6.08
78,2018-09-01,40071,,124.0,16169.164880000002,75337,福島区,39797,35713,75510,4.67
79,2018-09-01,31542,,38.0,3427.844156,65988,此花区,33763,32223,65986,19.25
80,2018-09-01,62660,,43.0,11040.69899,97865,中央区,52278,45653,97931,8.87
81,2018-09-01,57788,,119.0,19262.76392,100233,西区,53295,47064,100359,5.21
82,2018-09-01,41009,,-39.0,10318.82952,81206,港区,41561,39545,81106,7.86
83,2018-09-01,29671,,21.0,6759.597031,63779,大正区,32694,31049,63743,9.43
84,2018-09-01,39987,,30.0,16326.23967,78936,天王寺区,42335,36684,79019,4.84
85,2018-09-01,50628,,28.0,16620.95672,72952,浪速区,36050,36916,72966,4.39
86,2018-09-01,44718,,30.0,6730.731364,95722,西淀川区,48711,47000,95711,14.22
87,2018-09-01,99819,,-119.0,14311.15506,180999,淀川区,91119,89774,180893,12.64
88,2018-09-01,96286,,47.0,13264.58176,176055,東淀川区,89539,86482,176021,13.27
89,2018-09-01,42987,,177.0,18261.89427,82745,東成区,43404,39505,82909,4.54
90,2018-09-01,66138,,-9.0,15467.14456,129591,生野区,67173,62287,129460,8.37
91,2018-09-01,44536,,46.0,14413.449369999998,91106,旭区,47777,43316,91093,6.32
92,2018-09-01,79389,,-1.0,19901.78998,166798,城東区,87541,79236,166777,8.38
93,2018-09-01,47344,,62.0,13616.156669999997,111172,鶴見区,58104,53140,111244,8.17
94,2018-09-01,51634,,-1.0,18245.98662,109117,阿倍野区,58885,50226,109111,5.98
95,2018-09-01,58352,,27.0,5891.314896,121425,住之江区,63175,58245,121420,20.61
96,2018-09-01,73207,,87.0,16317.55319,153312,住吉区,81908,71477,153385,9.4
97,2018-09-01,59332,,74.0,12917.23077,125881,東住吉区,66868,59075,125943,9.75
98,2018-09-01,91223,,-17.0,12699.21466,194202,平野区,102275,91769,194044,15.28
99,2018-09-01,69782,,-49.0,14909.76934,110028,西成区,46494,63391,109885,7.37
100,2018-08-01,1411998,,1425.0,12095.40873,2723100,大阪市,1408589,1315418,2724007,225.21
101,2018-08-01,80208,,184.0,12839.55513,132555,北区,68569,64192,132761,10.34
102,2018-08-01,54405,,87.0,17565.29605,106685,都島区,55396,51401,106797,6.08
103,2018-08-01,39947,,61.0,16132.11991,75233,福島区,39732,35605,75337,4.67
104,2018-08-01,31504,,-5.0,3427.948052,66031,此花区,33753,32235,65988,19.25
105,2018-08-01,62617,,131.0,11033.25817,97710,中央区,52292,45573,97865,8.87
106,2018-08-01,57669,,213.0,19238.57965,100022,西区,53198,47035,100233,5.21
107,2018-08-01,41048,,-12.0,10331.55216,81272,港区,41599,39607,81206,7.86
108,2018-08-01,29650,,-4.0,6763.414634000002,63804,大正区,32715,31064,63779,9.43
109,2018-08-01,39957,,80.0,16309.09091,78815,天王寺区,42303,36633,78936,4.84
110,2018-08-01,50600,,49.0,16617.76765,72881,浪速区,36043,36909,72952,4.39
111,2018-08-01,44688,,51.0,6731.504923,95707,西淀川区,48711,47011,95722,14.22
112,2018-08-01,99938,,102.0,14319.54114,180966,淀川区,91205,89794,180999,12.64
113,2018-08-01,96239,,-10.0,13267.14393,176139,東淀川区,89557,86498,176055,13.27
114,2018-08-01,42810,,66.0,18225.77093,82718,東成区,43290,39455,82745,4.54
115,2018-08-01,66147,,-16.0,15482.7957,129689,生野区,67227,62364,129591,8.37
116,2018-08-01,44490,,11.0,14415.506330000002,91148,旭区,47776,43330,91106,6.32
117,2018-08-01,79390,,96.0,19904.29594,166676,城東区,87565,79233,166798,8.38
118,2018-08-01,47282,,64.0,13607.34394,111084,鶴見区,58064,53108,111172,8.17
119,2018-08-01,51635,,-35.0,18246.98997,109090,阿倍野区,58873,50244,109117,5.98
120,2018-08-01,58325,,80.0,5891.557496,121429,住之江区,63173,58252,121425,20.61
121,2018-08-01,73120,,68.0,16309.787230000002,153233,住吉区,81829,71483,153312,9.4
122,2018-08-01,59258,,17.0,12910.87179,125903,東住吉区,66804,59077,125881,9.75
123,2018-08-01,91240,,108.0,12709.55497,194222,平野区,102369,91833,194202,15.28
124,2018-08-01,69831,,39.0,14929.17232,110088,西成区,46546,63482,110028,7.37
125,2018-07-01,1410573,,856.0,12091.38138,2722098,大阪市,1407981,1315119,2723100,225.21
126,2018-07-01,80024,,126.0,12819.6325,132289,北区,68455,64100,132555,10.34
127,2018-07-01,54318,,43.0,17546.875,106662,都島区,55365,51320,106685,6.08
128,2018-07-01,39886,,9.0,16109.85011,75178,福島区,39678,35555,75233,4.67
129,2018-07-01,31509,,-12.0,3430.181818,66077,此花区,33762,32269,66031,19.25
130,2018-07-01,62486,,79.0,11015.78354,97570,中央区,52224,45486,97710,8.87
131,2018-07-01,57456,,212.0,19198.08061,99709,西区,53057,46965,100022,5.21
132,2018-07-01,41060,,-14.0,10339.94911,81306,港区,41626,39646,81272,7.86
133,2018-07-01,29654,,-1.0,6766.065748,63888,大正区,32727,31077,63804,9.43
134,2018-07-01,39877,,6.0,16284.09091,78754,天王寺区,42237,36578,78815,4.84
135,2018-07-01,50551,,-14.0,16601.594530000002,72884,浪速区,35979,36902,72881,4.39
136,2018-07-01,44637,,85.0,6730.45007,95589,西淀川区,48694,47013,95707,14.22
137,2018-07-01,99836,,-11.0,14316.930380000002,180925,淀川区,91177,89789,180966,12.64
138,2018-07-01,96249,,71.0,13273.473999999998,176050,東淀川区,89583,86556,176139,13.27
139,2018-07-01,42744,,17.0,18219.82379,82688,東成区,43284,39434,82718,4.54
140,2018-07-01,66163,,2.0,15494.504180000002,129745,生野区,67272,62417,129689,8.37
141,2018-07-01,44479,,8.0,14422.1519,91114,旭区,47783,43365,91148,6.32
142,2018-07-01,79294,,71.0,19889.73747,166570,城東区,87486,79190,166676,8.38
143,2018-07-01,47218,,50.0,13596.57283,111006,鶴見区,58009,53075,111084,8.17
144,2018-07-01,51670,,-32.0,18242.47492,109110,阿倍野区,58873,50217,109090,5.98
145,2018-07-01,58245,,50.0,5891.751577,121420,住之江区,63193,58236,121429,20.61
146,2018-07-01,73052,,129.0,16301.38298,153119,住吉区,81743,71490,153233,9.4
147,2018-07-01,59241,,-30.0,12913.12821,126007,東住吉区,66811,59092,125903,9.75
148,2018-07-01,91132,,8.0,12710.86387,194324,平野区,102378,91844,194222,15.28
149,2018-07-01,69792,,4.0,14937.313430000002,110114,西成区,46585,63503,110088,7.37
150,2018-06-01,1409717,,1720.0,12086.9322,2721728,大阪市,1407370,1314728,2722098,225.21
151,2018-06-01,79898,,151.0,12793.90716,132109,北区,68304,63985,132289,10.34
152,2018-06-01,54275,,51.0,17543.092109999998,106638,都島区,55338,51324,106662,6.08
153,2018-06-01,39877,,142.0,16098.07281,75006,福島区,39653,35525,75178,4.67
154,2018-06-01,31521,,-2.0,3432.571429,66143,此花区,33791,32286,66077,19.25
155,2018-06-01,62407,,157.0,11000.0,97376,中央区,52160,45410,97570,8.87
156,2018-06-01,57244,,178.0,19138.00384,99544,西区,52876,46833,99709,5.21
157,2018-06-01,41074,,24.0,10344.27481,81357,港区,41648,39658,81306,7.86
158,2018-06-01,29655,,14.0,6774.973489,63943,大正区,32784,31104,63888,9.43
159,2018-06-01,39871,,-29.0,16271.4876,78836,天王寺区,42209,36545,78754,4.84
160,2018-06-01,50565,,1.0,16602.2779,72869,浪速区,35984,36900,72884,4.39
161,2018-06-01,44552,,79.0,6722.151899,95598,西淀川区,48657,46932,95589,14.22
162,2018-06-01,99847,,201.0,14313.68671,180805,淀川区,91144,89781,180925,12.64
163,2018-06-01,96178,,54.0,13266.76714,176149,東淀川区,89527,86523,176050,13.27
164,2018-06-01,42727,,51.0,18213.21586,82712,東成区,43270,39418,82688,4.54
165,2018-06-01,66161,,-3.0,15501.19474,129868,生野区,67336,62409,129745,8.37
166,2018-06-01,44471,,16.0,14416.77215,91098,旭区,47764,43350,91114,6.32
167,2018-06-01,79223,,100.0,19877.08831,166454,城東区,87413,79157,166570,8.38
168,2018-06-01,47168,,41.0,13587.0257,111042,鶴見区,57950,53056,111006,8.17
169,2018-06-01,51702,,30.0,18245.8194,109133,阿倍野区,58879,50231,109110,5.98
170,2018-06-01,58195,,55.0,5891.314896,121496,住之江区,63204,58216,121420,20.61
171,2018-06-01,72923,,189.0,16289.255319999998,153014,住吉区,81626,71493,153119,9.4
172,2018-06-01,59271,,74.0,12923.79487,126042,東住吉区,66842,59165,126007,9.75
173,2018-06-01,91124,,98.0,12717.53927,194331,平野区,102407,91917,194324,15.28
174,2018-06-01,69788,,48.0,14940.84125,110165,西成区,46604,63510,110114,7.37
175,2018-05-01,1407997,,6568.0,12085.28929,2716989,大阪市,1407112,1314616,2721728,225.21
176,2018-05-01,79747,,638.0,12776.49903,131241,北区,68207,63902,132109,10.34
177,2018-05-01,54224,,158.0,17539.14474,106568,都島区,55324,51314,106638,6.08
178,2018-05-01,39735,,170.0,16061.24197,74902,福島区,39585,35421,75006,4.67
179,2018-05-01,31523,,99.0,3436.0,66103,此花区,33833,32310,66143,19.25
180,2018-05-01,62250,,296.0,10978.12852,97161,中央区,52093,45283,97376,8.87
181,2018-05-01,57066,,457.0,19106.33397,99001,西区,52788,46756,99544,5.21
182,2018-05-01,41050,,162.0,10350.76336,81238,港区,41673,39684,81357,7.86
183,2018-05-01,29641,,57.0,6780.805938,64009,大正区,32812,31131,63943,9.43
184,2018-05-01,39900,,191.0,16288.42975,78615,天王寺区,42252,36584,78836,4.84
185,2018-05-01,50564,,482.0,16598.86105,72415,浪速区,35951,36918,72869,4.39
186,2018-05-01,44473,,126.0,6722.784809999999,95539,西淀川区,48648,46950,95598,14.22
187,2018-05-01,99646,,727.0,14304.19304,180141,淀川区,91101,89704,180805,12.64
188,2018-05-01,96124,,457.0,13274.22758,175859,東淀川区,89578,86571,176149,13.27
189,2018-05-01,42676,,222.0,18218.5022,82560,東成区,43238,39474,82712,4.54
190,2018-05-01,66164,,507.0,15515.89008,129467,生野区,67394,62474,129868,8.37
191,2018-05-01,44455,,167.0,14414.24051,91004,旭区,47732,43366,91098,6.32
192,2018-05-01,79123,,136.0,19863.24582,166498,城東区,87338,79116,166454,8.38
193,2018-05-01,47127,,70.0,13591.43207,111059,鶴見区,58003,53039,111042,8.17
194,2018-05-01,51672,,288.0,18249.66555,108900,阿倍野区,58862,50271,109133,5.98
195,2018-05-01,58140,,116.0,5895.002426,121486,住之江区,63216,58280,121496,20.61
196,2018-05-01,72734,,227.0,16278.08511,152970,住吉区,81597,71417,153014,9.4
197,2018-05-01,59197,,214.0,12927.38462,125972,東住吉区,66859,59183,126042,9.75
198,2018-05-01,91026,,229.0,12717.99738,194383,平野区,102399,91932,194331,15.28
199,2018-05-01,69740,,372.0,14947.76119,109898,西成区,46629,63536,110165,7.37
200,2018-04-01,1401429,,5304.0,12064.2467,2713808,大阪市,1404716,1312273,2716989,225.21
201,2018-04-01,79109,,898.0,12692.55319,129941,北区,67784,63457,131241,10.34
202,2018-04-01,54066,,149.0,17527.63158,106565,都島区,55300,51268,106568,6.08
203,2018-04-01,39565,,199.0,16038.97216,74820,福島区,39562,35340,74902,4.67
204,2018-04-01,31424,,37.0,3433.922078,66168,此花区,33829,32274,66103,19.25
205,2018-04-01,61954,,340.0,10953.88952,96757,中央区,51995,45166,97161,8.87
206,2018-04-01,56609,,388.0,19002.11132,98536,西区,52503,46498,99001,5.21
207,2018-04-01,40888,,195.0,10335.62341,81092,港区,41602,39636,81238,7.86
208,2018-04-01,29584,,12.0,6787.804878,64162,大正区,32833,31176,64009,9.43
209,2018-04-01,39709,,46.0,16242.7686,78551,天王寺区,42136,36479,78615,4.84
210,2018-04-01,50082,,143.0,16495.444190000002,72358,浪速区,35726,36689,72415,4.39
211,2018-04-01,44347,,204.0,6718.635724,95489,西淀川区,48620,46919,95539,14.22
212,2018-04-01,98919,,582.0,14251.66139,179629,淀川区,90811,89330,180141,12.64
213,2018-04-01,95667,,386.0,13252.37378,175680,東淀川区,89414,86445,175859,13.27
214,2018-04-01,42454,,360.0,18185.02203,82216,東成区,43159,39401,82560,4.54
215,2018-04-01,65657,,178.0,15467.98088,129424,生野区,67235,62232,129467,8.37
216,2018-04-01,44288,,90.0,14399.36709,90960,旭区,47687,43317,91004,6.32
217,2018-04-01,78987,,246.0,19868.49642,166373,城東区,87321,79177,166498,8.38
218,2018-04-01,47057,,32.0,13593.51285,111302,鶴見区,58006,53053,111059,8.17
219,2018-04-01,51384,,137.0,18210.70234,108782,阿倍野区,58732,50168,108900,5.98
220,2018-04-01,58024,,146.0,5894.517225,121510,住之江区,63205,58281,121486,20.61
221,2018-04-01,72507,,209.0,16273.40426,152923,住吉区,81589,71381,152970,9.4
222,2018-04-01,58983,,141.0,12920.20513,126023,東住吉区,66788,59184,125972,9.75
223,2018-04-01,90797,,157.0,12721.40052,194538,平野区,102386,91997,194383,15.28
224,2018-04-01,69368,,29.0,14911.53324,110009,西成区,46493,63405,109898,7.37
225,2018-03-01,1396125,,354.0,12050.12211,2714147,大阪市,1402300,1311508,2713808,225.21
226,2018-03-01,78211,,32.0,12566.82785,129860,北区,67083,62858,129941,10.34
227,2018-03-01,53917,,42.0,17527.13816,106568,都島区,55219,51346,106565,6.08
228,2018-03-01,39366,,71.0,16021.41328,74750,福島区,39517,35303,74820,4.67
229,2018-03-01,31387,,14.0,3437.298701,66227,此花区,33813,32355,66168,19.25
230,2018-03-01,61614,,-37.0,10908.34273,96725,中央区,51730,45027,96757,8.87
231,2018-03-01,56221,,75.0,18912.85988,98431,西区,52233,46303,98536,5.21
232,2018-03-01,40693,,54.0,10317.04835,81031,港区,41521,39571,81092,7.86
233,2018-03-01,29572,,-5.0,6804.029692,64255,大正区,32886,31276,64162,9.43
234,2018-03-01,39663,,10.0,16229.54545,78523,天王寺区,42083,36468,78551,4.84
235,2018-03-01,49939,,-49.0,16482.46014,72367,浪速区,35726,36632,72358,4.39
236,2018-03-01,44143,,19.0,6715.11955,95540,西淀川区,48605,46884,95489,14.22
237,2018-03-01,98337,,46.0,14211.15506,179546,淀川区,90527,89102,179629,12.64
238,2018-03-01,95281,,-72.0,13238.8847,175912,東淀川区,89206,86474,175680,13.27
239,2018-03-01,42094,,118.0,18109.2511,82055,東成区,42916,39300,82216,4.54
240,2018-03-01,65479,,-6.0,15462.84349,129519,生野区,67165,62259,129424,8.37
241,2018-03-01,44198,,-28.0,14392.40506,91021,旭区,47636,43324,90960,6.32
242,2018-03-01,78741,,151.0,19853.57995,166183,城東区,87253,79120,166373,8.38
243,2018-03-01,47025,,-33.0,13623.25581,111361,鶴見区,58123,53179,111302,8.17
244,2018-03-01,51247,,23.0,18190.9699,108744,阿倍野区,58612,50170,108782,5.98
245,2018-03-01,57878,,16.0,5895.681708,121549,住之江区,63211,58299,121510,20.61
246,2018-03-01,72298,,-5.0,16268.40426,153049,住吉区,81530,71393,152923,9.4
247,2018-03-01,58842,,4.0,12925.4359,126080,東住吉区,66763,59260,126023,9.75
248,2018-03-01,90640,,-3.0,12731.5445,194659,平野区,102438,92100,194538,15.28
249,2018-03-01,69339,,-83.0,14926.5943,110192,西成区,46504,63505,110009,7.37
250,2018-02-01,1395771,,77.0,12051.62737,2714818,大阪市,1402433,1311714,2714147,225.21
251,2018-02-01,78179,,72.0,12558.9942,129747,北区,67032,62828,129860,10.34
252,2018-02-01,53875,,53.0,17527.63158,106550,都島区,55229,51339,106568,6.08
253,2018-02-01,39295,,59.0,16006.42398,74629,福島区,39495,35255,74750,4.67
254,2018-02-01,31373,,19.0,3440.363636,66241,此花区,33855,32372,66227,19.25
255,2018-02-01,61651,,-56.0,10904.73506,96729,中央区,51719,45006,96725,8.87
256,2018-02-01,56146,,80.0,18892.70633,98317,西区,52152,46279,98431,5.21
257,2018-02-01,40639,,30.0,10309.28753,81089,港区,41476,39555,81031,7.86
258,2018-02-01,29577,,-34.0,6813.8918349999985,64332,大正区,32921,31334,64255,9.43
259,2018-02-01,39653,,42.0,16223.76033,78450,天王寺区,42057,36466,78523,4.84
260,2018-02-01,49988,,-136.0,16484.51025,72558,浪速区,35741,36626,72367,4.39
261,2018-02-01,44124,,25.0,6718.706048,95517,西淀川区,48610,46930,95540,14.22
262,2018-02-01,98291,,28.0,14204.58861,179456,淀川区,90480,89066,179546,12.64
263,2018-02-01,95353,,52.0,13256.36775,175882,東淀川区,89361,86551,175912,13.27
264,2018-02-01,41976,,1.0,18073.78855,82132,東成区,42830,39225,82055,4.54
265,2018-02-01,65485,,24.0,15474.19355,129589,生野区,67201,62318,129519,8.37
266,2018-02-01,44226,,24.0,14402.05696,91016,旭区,47649,43372,91021,6.32
267,2018-02-01,78590,,6.0,19830.90692,166207,城東区,87177,79006,166183,8.38
268,2018-02-01,47058,,-9.0,13630.47736,111464,鶴見区,58147,53214,111361,8.17
269,2018-02-01,51224,,7.0,18184.615380000007,108749,阿倍野区,58576,50168,108744,5.98
270,2018-02-01,57862,,-11.0,5897.573993,121630,住之江区,63247,58302,121549,20.61
271,2018-02-01,72303,,-38.0,16281.80851,153160,住吉区,81572,71477,153049,9.4
272,2018-02-01,58838,,-40.0,12931.28205,126192,東住吉区,66780,59300,126080,9.75
273,2018-02-01,90643,,9.0,12739.46335,194746,平野区,102527,92132,194659,15.28
274,2018-02-01,69422,,-130.0,14951.42469,110436,西成区,46599,63593,110192,7.37
275,2018-01-01,1395694,,101.0,12054.60681,2714710,大阪市,1402628,1312190,2714818,225.21
276,2018-01-01,78107,,-13.0,12548.06576,129691,北区,66993,62754,129747,10.34
277,2018-01-01,53822,,22.0,17524.67105,106499,都島区,55222,51328,106550,6.08
278,2018-01-01,39236,,88.0,15980.51392,74504,福島区,39429,35200,74629,4.67
279,2018-01-01,31354,,-35.0,3441.0909090000005,66334,此花区,33877,32364,66241,19.25
280,2018-01-01,61707,,56.0,10905.18602,96597,中央区,51675,45054,96729,8.87
281,2018-01-01,56066,,84.0,18870.82534,98160,西区,52075,46242,98317,5.21
282,2018-01-01,40609,,59.0,10316.66667,81018,港区,41495,39594,81089,7.86
283,2018-01-01,29611,,11.0,6822.057264,64340,大正区,32956,31376,64332,9.43
284,2018-01-01,39611,,-42.0,16208.67769,78454,天王寺区,42015,36435,78450,4.84
285,2018-01-01,50124,,-13.0,16528.018219999998,72563,浪速区,35840,36718,72558,4.39
286,2018-01-01,44099,,-6.0,6717.088608,95594,西淀川区,48595,46922,95517,14.22
287,2018-01-01,98263,,50.0,14197.46835,179294,淀川区,90418,89038,179456,12.64
288,2018-01-01,95301,,-21.0,13254.10701,175918,東淀川区,89339,86543,175882,13.27
289,2018-01-01,41975,,4.0,18090.7489,82109,東成区,42871,39261,82132,4.54
290,2018-01-01,65461,,-72.0,15482.55675,129685,生野区,67224,62365,129589,8.37
291,2018-01-01,44202,,-4.0,14401.26582,91042,旭区,47662,43354,91016,6.32
292,2018-01-01,78584,,-9.0,19833.77088,166243,城東区,87181,79026,166207,8.38
293,2018-01-01,47067,,-19.0,13643.08446,111519,鶴見区,58217,53247,111464,8.17
294,2018-01-01,51217,,41.0,18185.45151,108670,阿倍野区,58570,50179,108749,5.98
295,2018-01-01,57873,,15.0,5901.504124,121659,住之江区,63260,58370,121630,20.61
296,2018-01-01,72341,,-104.0,16293.61702,153330,住吉区,81630,71530,153160,9.4
297,2018-01-01,58878,,26.0,12942.76923,126190,東住吉区,66827,59365,126192,9.75
298,2018-01-01,90634,,21.0,12745.15707,194777,平野区,102579,92167,194746,15.28
299,2018-01-01,69552,,-38.0,14984.53189,110520,西成区,46678,63758,110436,7.37
300,2017-12-01,1395593,,289.0,12054.12726,2714497,大阪市,1402681,1312029,2714710,225.21
301,2017-12-01,78120,,48.0,12542.6499,129575,北区,66961,62730,129691,10.34
302,2017-12-01,53800,,-38.0,17516.282890000002,106504,都島区,55197,51302,106499,6.08
303,2017-12-01,39148,,33.0,15953.74732,74412,福島区,39374,35130,74504,4.67
304,2017-12-01,31389,,-2.0,3445.922078,66381,此花区,33906,32428,66334,19.25
305,2017-12-01,61651,,61.0,10890.3044,96457,中央区,51581,45016,96597,8.87
306,2017-12-01,55982,,99.0,18840.69098,97966,西区,51993,46167,98160,5.21
307,2017-12-01,40550,,15.0,10307.63359,81049,港区,41459,39559,81018,7.86
308,2017-12-01,29600,,8.0,6822.90562,64357,大正区,32943,31397,64340,9.43
309,2017-12-01,39653,,4.0,16209.50413,78429,天王寺区,42021,36433,78454,4.84
310,2017-12-01,50137,,-65.0,16529.157180000002,72608,浪速区,35873,36690,72563,4.39
311,2017-12-01,44105,,38.0,6722.503516,95538,西淀川区,48627,46967,95594,14.22
312,2017-12-01,98213,,20.0,14184.6519,179252,淀川区,90346,88948,179294,12.64
313,2017-12-01,95322,,4.0,13256.81989,175877,東淀川区,89351,86567,175918,13.27
314,2017-12-01,41971,,123.0,18085.68282,81971,東成区,42859,39250,82109,4.54
315,2017-12-01,65533,,-39.0,15494.026280000002,129836,生野区,67275,62410,129685,8.37
316,2017-12-01,44206,,77.0,14405.37975,91013,旭区,47676,43366,91042,6.32
317,2017-12-01,78593,,-4.0,19838.06683,166287,城東区,87203,79040,166243,8.38
318,2017-12-01,47086,,6.0,13649.8164,111544,鶴見区,58267,53252,111519,8.17
319,2017-12-01,51176,,-49.0,18172.2408,108728,阿倍野区,58557,50113,108670,5.98
320,2017-12-01,57858,,4.0,5902.911208,121687,住之江区,63288,58371,121659,20.61
321,2017-12-01,72445,,-59.0,16311.70213,153388,住吉区,81745,71585,153330,9.4
322,2017-12-01,58852,,-6.0,12942.5641,126225,東住吉区,66849,59341,126190,9.75
323,2017-12-01,90613,,60.0,12747.18586,194819,平野区,102609,92168,194777,15.28
324,2017-12-01,69590,,-49.0,14995.92944,110594,西成区,46721,63799,110520,7.37
325,2017-11-01,1395304,,2404.0,12053.18148,2713157,大阪市,1402410,1312087,2714497,225.21
326,2017-11-01,78072,,116.0,12531.43133,129412,北区,66902,62673,129575,10.34
327,2017-11-01,53838,,48.0,17517.10526,106523,都島区,55200,51304,106504,6.08
328,2017-11-01,39115,,46.0,15934.04711,74381,福島区,39326,35086,74412,4.67
329,2017-11-01,31391,,82.0,3448.363636,66362,此花区,33938,32443,66381,19.25
330,2017-11-01,61590,,32.0,10874.52086,96438,中央区,51493,44964,96457,8.87
331,2017-11-01,55883,,239.0,18803.45489,97667,西区,51881,46085,97966,5.21
332,2017-11-01,40535,,30.0,10311.57761,81065,港区,41438,39611,81049,7.86
333,2017-11-01,29592,,31.0,6824.708378,64355,大正区,32953,31404,64357,9.43
334,2017-11-01,39649,,45.0,16204.33884,78372,天王寺区,42004,36425,78429,4.84
335,2017-11-01,50202,,277.0,16539.407740000002,72350,浪速区,35904,36704,72608,4.39
336,2017-11-01,44067,,82.0,6718.565401000002,95518,西淀川区,48593,46945,95538,14.22
337,2017-11-01,98193,,205.0,14181.32911,179136,淀川区,90322,88930,179252,12.64
338,2017-11-01,95318,,144.0,13253.73022,175827,東淀川区,89329,86548,175877,13.27
339,2017-11-01,41848,,130.0,18055.28634,81881,東成区,42780,39191,81971,4.54
340,2017-11-01,65572,,221.0,15512.06691,129693,生野区,67373,62463,129836,8.37
341,2017-11-01,44129,,1.0,14400.79114,91069,旭区,47690,43323,91013,6.32
342,2017-11-01,78597,,119.0,19843.31742,166242,城東区,87191,79096,166287,8.38
343,2017-11-01,47080,,4.0,13652.876380000003,111563,鶴見区,58266,53278,111544,8.17
344,2017-11-01,51225,,80.0,18181.9398,108642,阿倍野区,58566,50162,108728,5.98
345,2017-11-01,57854,,3.0,5904.269772,121785,住之江区,63281,58406,121687,20.61
346,2017-11-01,72504,,103.0,16317.87234,153350,住吉区,81728,71660,153388,9.4
347,2017-11-01,58858,,111.0,12946.15385,126161,東住吉区,66860,59365,126225,9.75
348,2017-11-01,90553,,17.0,12749.93455,194955,平野区,102643,92176,194819,15.28
349,2017-11-01,69639,,238.0,15005.97015,110410,西成区,46749,63845,110594,7.37
350,2017-10-01,1392900,,733.0,12047.23147,2712156,大阪市,1401872,1311285,2713157,225.21
351,2017-10-01,77956,,-2.0,12515.66731,129317,北区,66809,62603,129412,10.34
352,2017-10-01,53790,,92.0,17520.23026,106411,都島区,55225,51298,106523,6.08
353,2017-10-01,39069,,16.0,15927.40899,74324,福島区,39313,35068,74381,4.67
354,2017-10-01,31309,,31.0,3447.376623,66291,此花区,33927,32435,66362,19.25
355,2017-10-01,61558,,4.0,10872.3788,96347,中央区,51487,44951,96438,8.87
356,2017-10-01,55644,,68.0,18746.06526,97505,西区,51748,45919,97667,5.21
357,2017-10-01,40505,,-23.0,10313.61323,81101,港区,41438,39627,81065,7.86
358,2017-10-01,29561,,-26.0,6824.4962879999985,64393,大正区,32958,31397,64355,9.43
359,2017-10-01,39604,,18.0,16192.56198,78342,天王寺区,41995,36377,78372,4.84
360,2017-10-01,49925,,47.0,16480.63781,72286,浪速区,35697,36653,72350,4.39
361,2017-10-01,43985,,6.0,6717.158931,95521,西淀川区,48561,46957,95518,14.22
362,2017-10-01,97988,,32.0,14172.1519,179038,淀川区,90288,88848,179136,12.64
363,2017-10-01,95174,,107.0,13249.96232,175717,東淀川区,89339,86488,175827,13.27
364,2017-10-01,41718,,54.0,18035.46256,81848,東成区,42730,39151,81881,4.54
365,2017-10-01,65351,,90.0,15494.982080000002,129628,生野区,67307,62386,129693,8.37
366,2017-10-01,44128,,37.0,14409.6519,91047,旭区,47720,43349,91069,6.32
367,2017-10-01,78478,,13.0,19837.94749,166215,城東区,87193,79049,166242,8.38
368,2017-10-01,47076,,2.0,13655.20196,111572,鶴見区,58288,53275,111563,8.17
369,2017-10-01,51145,,37.0,18167.55853,108585,阿倍野区,58563,50079,108642,5.98
370,2017-10-01,57851,,79.0,5909.0247450000015,121676,住之江区,63318,58467,121785,20.61
371,2017-10-01,72401,,39.0,16313.82979,153376,住吉区,81735,71615,153350,9.4
372,2017-10-01,58747,,12.0,12939.58974,126170,東住吉区,66841,59320,126161,9.75
373,2017-10-01,90536,,-1.0,12758.83508,194996,平野区,102729,92226,194955,15.28
374,2017-10-01,69401,,1.0,14981.00407,110450,西成区,46663,63747,110410,7.37
375,2017-09-01,1392167,,819.0,12042.78673,2711702,大阪市,1401264,1310892,2712156,225.21
376,2017-09-01,77958,,152.0,12506.47969,129029,北区,66752,62565,129317,10.34
377,2017-09-01,53698,,123.0,17501.80921,106311,都島区,55151,51260,106411,6.08
378,2017-09-01,39053,,47.0,15915.20343,74225,福島区,39286,35038,74324,4.67
379,2017-09-01,31278,,39.0,3443.688312,66328,此花区,33876,32415,66291,19.25
380,2017-09-01,61554,,49.0,10862.1195,96259,中央区,51432,44915,96347,8.87
381,2017-09-01,55576,,53.0,18714.97121,97362,西区,51636,45869,97505,5.21
382,2017-09-01,40528,,-15.0,10318.19338,81145,港区,41434,39667,81101,7.86
383,2017-09-01,29587,,-13.0,6828.525981000002,64431,大正区,32967,31426,64393,9.43
384,2017-09-01,39586,,8.0,16186.36364,78304,天王寺区,41990,36352,78342,4.84
385,2017-09-01,49878,,-12.0,16466.059230000006,72313,浪速区,35670,36616,72286,4.39
386,2017-09-01,43979,,95.0,6717.369902,95457,西淀川区,48555,46966,95521,14.22
387,2017-09-01,97956,,106.0,14164.39873,178921,淀川区,90218,88820,179038,12.64
388,2017-09-01,95067,,108.0,13241.67295,175662,東淀川区,89287,86430,175717,13.27
389,2017-09-01,41664,,37.0,18028.19383,81843,東成区,42692,39156,81848,4.54
390,2017-09-01,65261,,-12.0,15487.21625,129691,生野区,67310,62318,129628,8.37
391,2017-09-01,44091,,-1.0,14406.17089,91047,旭区,47727,43320,91047,6.32
392,2017-09-01,78465,,31.0,19834.72554,166163,城東区,87185,79030,166215,8.38
393,2017-09-01,47074,,-4.0,13656.30355,111598,鶴見区,58285,53287,111572,8.17
394,2017-09-01,51108,,10.0,18158.02676,108549,阿倍野区,58532,50053,108585,5.98
395,2017-09-01,57772,,-18.0,5903.73605,121794,住之江区,63244,58432,121676,20.61
396,2017-09-01,72362,,-19.0,16316.59574,153454,住吉区,81768,71608,153376,9.4
397,2017-09-01,58735,,51.0,12940.51282,126209,東住吉区,66842,59328,126170,9.75
398,2017-09-01,90537,,48.0,12761.51832,195063,平野区,102732,92264,194996,15.28
399,2017-09-01,69400,,-44.0,14986.43148,110544,西成区,46693,63757,110450,7.37
400,2017-08-01,1391348,,1169.0,12040.77084,2710672,大阪市,1400978,1310724,2711702,225.21
401,2017-08-01,77806,,135.0,12478.62669,128786,北区,66626,62403,129029,10.34
402,2017-08-01,53575,,129.0,17485.36184,106177,都島区,55109,51202,106311,6.08
403,2017-08-01,39006,,47.0,15894.00428,74126,福島区,39218,35007,74225,4.67
404,2017-08-01,31239,,73.0,3445.61039,66264,此花区,33932,32396,66328,19.25
405,2017-08-01,61505,,27.0,10852.19842,96175,中央区,51392,44867,96259,8.87
406,2017-08-01,55523,,90.0,18687.52399,97212,西区,51589,45773,97362,5.21
407,2017-08-01,40543,,3.0,10323.79135,81169,港区,41432,39713,81145,7.86
408,2017-08-01,29600,,34.0,6832.555673000002,64437,大正区,32977,31454,64431,9.43
409,2017-08-01,39578,,62.0,16178.5124,78242,天王寺区,41974,36330,78304,4.84
410,2017-08-01,49890,,118.0,16472.20957,72202,浪速区,35707,36606,72313,4.39
411,2017-08-01,43884,,90.0,6712.869198,95416,西淀川区,48524,46933,95457,14.22
412,2017-08-01,97850,,107.0,14155.14241,178815,淀川区,90169,88752,178921,12.64
413,2017-08-01,94959,,-24.0,13237.52826,175708,東淀川区,89259,86403,175662,13.27
414,2017-08-01,41627,,71.0,18027.09251,81776,東成区,42673,39170,81843,4.54
415,2017-08-01,65273,,28.0,15494.74313,129688,生野区,67306,62385,129691,8.37
416,2017-08-01,44092,,-5.0,14406.17089,91058,旭区,47723,43324,91047,6.32
417,2017-08-01,78434,,44.0,19828.52029,166122,城東区,87157,79006,166163,8.38
418,2017-08-01,47078,,-9.0,13659.48592,111568,鶴見区,58275,53323,111598,8.17
419,2017-08-01,51098,,-39.0,18152.00669,108636,阿倍野区,58531,50018,108549,5.98
420,2017-08-01,57790,,17.0,5909.461426,121808,住之江区,63303,58491,121794,20.61
421,2017-08-01,72381,,36.0,16324.89362,153448,住吉区,81828,71626,153454,9.4
422,2017-08-01,58684,,35.0,12944.51282,126191,東住吉区,66834,59375,126209,9.75
423,2017-08-01,90489,,66.0,12765.90314,195097,平野区,102743,92320,195063,15.28
424,2017-08-01,69444,,34.0,14999.18589,110551,西成区,46697,63847,110544,7.37
425,2017-07-01,1390179,,1423.0,12036.19733,2709688,大阪市,1400418,1310254,2710672,225.21
426,2017-07-01,77671,,168.0,12455.12573,128497,北区,66527,62259,128786,10.34
427,2017-07-01,53446,,49.0,17463.322369999998,106187,都島区,55054,51123,106177,6.08
428,2017-07-01,38959,,62.0,15872.80514,74033,福島区,39167,34959,74126,4.67
429,2017-07-01,31166,,23.0,3442.285714,66287,此花区,33885,32379,66264,19.25
430,2017-07-01,61478,,-3.0,10842.7283,96180,中央区,51344,44831,96175,8.87
431,2017-07-01,55433,,112.0,18658.73321,97019,西区,51505,45707,97212,5.21
432,2017-07-01,40540,,18.0,10326.84478,81130,港区,41457,39712,81169,7.86
433,2017-07-01,29566,,36.0,6833.191941,64460,大正区,33000,31437,64437,9.43
434,2017-07-01,39516,,73.0,16165.702480000002,78163,天王寺区,41928,36314,78242,4.84
435,2017-07-01,49772,,37.0,16446.92483,72155,浪速区,35636,36566,72202,4.39
436,2017-07-01,43794,,82.0,6709.985935,95338,西淀川区,48506,46910,95416,14.22
437,2017-07-01,97743,,119.0,14146.756330000002,178735,淀川区,90132,88683,178815,12.64
438,2017-07-01,94983,,49.0,13240.99472,175696,東淀川区,89304,86404,175708,13.27
439,2017-07-01,41556,,26.0,18012.3348,81800,東成区,42650,39126,81776,4.54
440,2017-07-01,65245,,17.0,15494.38471,129732,生野区,67272,62416,129688,8.37
441,2017-07-01,44097,,-7.0,14407.91139,91063,旭区,47722,43336,91058,6.32
442,2017-07-01,78390,,15.0,19823.62768,166086,城東区,87115,79007,166122,8.38
443,2017-07-01,47087,,78.0,13655.81395,111499,鶴見区,58243,53325,111568,8.17
444,2017-07-01,51137,,61.0,18166.55518,108549,阿倍野区,58548,50088,108636,5.98
445,2017-07-01,57773,,31.0,5910.140708,121872,住之江区,63323,58485,121808,20.61
446,2017-07-01,72345,,158.0,16324.255319999998,153364,住吉区,81794,71654,153448,9.4
447,2017-07-01,58649,,82.0,12942.66667,126187,東住吉区,66855,59336,126191,9.75
448,2017-07-01,90423,,164.0,12768.12827,195014,平野区,102739,92358,195097,15.28
449,2017-07-01,69410,,-27.0,15000.13569,110642,西成区,46712,63839,110551,7.37
450,2017-05-01,1387200,,5427.0,12029.51468,2704557,大阪市,1399551,1309616,2709167,225.21
451,2017-05-01,77261,,539.0,12395.55126,127397,北区,66249,61921,128170,10.34
452,2017-05-01,53302,,129.0,17454.44079,106083,都島区,54990,51133,106123,6.08
453,2017-05-01,38752,,77.0,15818.62955,73839,福島区,39036,34837,73873,4.67
454,2017-05-01,31128,,64.0,3445.61039,66317,此花区,33902,32426,66328,19.25
455,2017-05-01,61350,,321.0,10832.69448,95766,中央区,51268,44818,96086,8.87
456,2017-05-01,55194,,349.0,18593.28215,96532,西区,51315,45556,96871,5.21
457,2017-05-01,40530,,52.0,10330.2799,81210,港区,41461,39735,81196,7.86
458,2017-05-01,29519,,91.0,6838.069989,64459,大正区,33014,31469,64483,9.43
459,2017-05-01,39401,,227.0,16138.01653,77790,天王寺区,41867,36241,78108,4.84
460,2017-05-01,49669,,379.0,16421.4123,71668,浪速区,35583,36507,72090,4.39
461,2017-05-01,43677,,124.0,6708.157525,95323,西淀川区,48444,46946,95390,14.22
462,2017-05-01,97495,,421.0,14139.47785,178330,淀川区,90159,88564,178723,12.64
463,2017-05-01,94868,,297.0,13241.59759,175552,東淀川区,89315,86401,175716,13.27
464,2017-05-01,41416,,342.0,17995.814980000006,81324,東成区,42610,39091,81701,4.54
465,2017-05-01,65186,,547.0,15507.765830000002,129360,生野区,67346,62454,129800,8.37
466,2017-05-01,44083,,108.0,14412.97468,91037,旭区,47737,43353,91090,6.32
467,2017-05-01,78358,,226.0,19818.37709,165833,城東区,87088,78990,166078,8.38
468,2017-05-01,46945,,26.0,13648.47001,111539,鶴見区,58170,53338,111508,8.17
469,2017-05-01,51060,,228.0,18154.68227,108367,阿倍野区,58499,50066,108565,5.98
470,2017-05-01,57708,,72.0,5915.914605,121979,住之江区,63391,58536,121927,20.61
471,2017-05-01,72014,,106.0,16300.42553,153199,住吉区,81693,71531,153224,9.4
472,2017-05-01,58575,,146.0,12943.58974,126077,東住吉区,66866,59334,126200,9.75
473,2017-05-01,90214,,235.0,12773.16754,195118,平野区,102767,92407,195174,15.28
474,2017-05-01,69495,,321.0,15026.18725,110458,西成区,46781,63962,110743,7.37
475,2017-04-01,1381773,,5571.0,12009.04489,2702242,大阪市,1397063,1307494,2704557,225.21
476,2017-04-01,76722,,578.0,12320.79304,126752,北区,65876,61521,127397,10.34
477,2017-04-01,53173,,316.0,17447.86184,105919,都島区,54949,51134,106083,6.08
478,2017-04-01,38675,,266.0,15811.34904,73651,福島区,39030,34809,73839,4.67
479,2017-04-01,31064,,102.0,3445.038961,66277,此花区,33906,32411,66317,19.25
480,2017-04-01,61029,,187.0,10796.61781,95603,中央区,51111,44655,95766,8.87
481,2017-04-01,54845,,283.0,18528.21497,96301,西区,51103,45429,96532,5.21
482,2017-04-01,40478,,105.0,10332.06107,81262,港区,41456,39754,81210,7.86
483,2017-04-01,29428,,75.0,6835.524920000002,64489,大正区,32988,31471,64459,9.43
484,2017-04-01,39174,,128.0,16072.31405,77661,天王寺区,41690,36100,77790,4.84
485,2017-04-01,49290,,291.0,16325.28474,71365,浪速区,35306,36362,71668,4.39
486,2017-04-01,43553,,168.0,6703.445851,95262,西淀川区,48407,46916,95323,14.22
487,2017-04-01,97074,,530.0,14108.386080000002,178076,淀川区,89904,88426,178330,12.64
488,2017-04-01,94571,,591.0,13229.23888,175289,東淀川区,89204,86348,175552,13.27
489,2017-04-01,41074,,386.0,17912.77533,81031,東成区,42416,38908,81324,4.54
490,2017-04-01,64639,,162.0,15455.19713,129500,生野区,67162,62198,129360,8.37
491,2017-04-01,43975,,113.0,14404.58861,91069,旭区,47706,43331,91037,6.32
492,2017-04-01,78132,,388.0,19789.14081,165598,城東区,86974,78859,165833,8.38
493,2017-04-01,46919,,102.0,13652.26438,111646,鶴見区,58141,53398,111539,8.17
494,2017-04-01,50832,,62.0,18121.57191,108303,阿倍野区,58428,49939,108367,5.98
495,2017-04-01,57636,,135.0,5918.437652000001,121964,住之江区,63435,58544,121979,20.61
496,2017-04-01,71908,,99.0,16297.76596,153366,住吉区,81654,71545,153199,9.4
497,2017-04-01,58429,,126.0,12930.97436,126110,東住吉区,66799,59278,126077,9.75
498,2017-04-01,89979,,258.0,12769.50262,195271,平野区,102733,92385,195118,15.28
499,2017-04-01,69174,,120.0,14987.51696,110477,西成区,46685,63773,110458,7.37
500,2017-03-01,1376202,554.0,,11998.7656,2702455,大阪市,1395241,1307001,2702242,225.21
501,2017-03-01,76144,119.0,,12258.41393,126541,北区,65507,61245,126752,10.34
502,2017-03-01,52857,56.0,,17420.88816,105844,都島区,54785,51134,105919,6.08
503,2017-03-01,38409,-25.0,,15771.09208,73660,福島区,38893,34758,73651,4.67
504,2017-03-01,30962,-23.0,,3442.9610390000007,66351,此花区,33903,32374,66277,19.25
505,2017-03-01,60842,18.0,,10778.24126,95598,中央区,50965,44638,95603,8.87
506,2017-03-01,54562,72.0,,18483.87716,96175,西区,50924,45377,96301,5.21
507,2017-03-01,40373,-4.0,,10338.67684,81314,港区,41483,39779,81262,7.86
508,2017-03-01,29353,13.0,,6838.706256999999,64524,大正区,33006,31483,64489,9.43
509,2017-03-01,39046,42.0,,16045.66116,77571,天王寺区,41570,36091,77661,4.84
510,2017-03-01,48999,26.0,,16256.26424,71356,浪速区,35172,36193,71365,4.39
511,2017-03-01,43385,-7.0,,6699.156118,95304,西淀川区,48389,46873,95262,14.22
512,2017-03-01,96544,57.0,,14088.29114,178052,淀川区,89734,88342,178076,12.64
513,2017-03-01,93980,38.0,,13209.41974,175312,東淀川区,89008,86281,175289,13.27
514,2017-03-01,40688,118.0,,17848.23789,80974,東成区,42250,38781,81031,4.54
515,2017-03-01,64477,25.0,,15471.92354,129564,生野区,67233,62267,129500,8.37
516,2017-03-01,43862,-27.0,,14409.6519,91218,旭区,47690,43379,91069,6.32
517,2017-03-01,77744,103.0,,19761.09785,165511,城東区,86856,78742,165598,8.38
518,2017-03-01,46817,30.0,,13665.36108,111603,鶴見区,58157,53489,111646,8.17
519,2017-03-01,50770,19.0,,18110.86957,108309,阿倍野区,58369,49934,108303,5.98
520,2017-03-01,57501,6.0,,5917.70985,122037,住之江区,63390,58574,121964,20.61
521,2017-03-01,71809,-89.0,,16315.53191,153530,住吉区,81694,71672,153366,9.4
522,2017-03-01,58303,33.0,,12934.35897,126082,東住吉区,66788,59322,126110,9.75
523,2017-03-01,89721,-7.0,,12779.51571,195413,平野区,102791,92480,195271,15.28
524,2017-03-01,69054,-39.0,,14990.094980000002,110612,西成区,46684,63793,110477,7.37
525,2017-02-01,1375648,4.0,,11999.71138,2703453,大阪市,1395317,1307138,2702455,225.21
526,2017-02-01,76025,123.0,,12238.00774,126408,北区,65391,61150,126541,10.34
527,2017-02-01,52801,-10.0,,17408.552630000002,105894,都島区,54739,51105,105844,6.08
528,2017-02-01,38434,15.0,,15773.01927,73650,福島区,38901,34759,73660,4.67
529,2017-02-01,30985,15.0,,3446.805195000001,66384,此花区,33949,32402,66351,19.25
530,2017-02-01,60824,36.0,,10777.67756,95500,中央区,50975,44623,95598,8.87
531,2017-02-01,54490,62.0,,18459.6929,96118,西区,50900,45275,96175,5.21
532,2017-02-01,40377,-79.0,,10345.29262,81451,港区,41534,39780,81314,7.86
533,2017-02-01,29340,26.0,,6842.417815000002,64556,大正区,33018,31506,64524,9.43
534,2017-02-01,39004,20.0,,16027.06612,77508,天王寺区,41525,36046,77571,4.84
535,2017-02-01,48973,-17.0,,16254.21412,71366,浪速区,35132,36224,71356,4.39
536,2017-02-01,43392,-75.0,,6702.109705,95439,西淀川区,48408,46896,95304,14.22
537,2017-02-01,96487,6.0,,14086.39241,178001,淀川区,89728,88324,178052,12.64
538,2017-02-01,93942,-29.0,,13211.15298,175406,東淀川区,89030,86282,175312,13.27
539,2017-02-01,40570,-5.0,,17835.682819999998,81008,東成区,42218,38756,80974,4.54
540,2017-02-01,64452,-30.0,,15479.56989,129722,生野区,67260,62304,129564,8.37
541,2017-02-01,43889,-9.0,,14433.22785,91326,旭区,47761,43457,91218,6.32
542,2017-02-01,77641,39.0,,19750.71599,165550,城東区,86805,78706,165511,8.38
543,2017-02-01,46787,-22.0,,13660.097919999998,111665,鶴見区,58145,53458,111603,8.17
544,2017-02-01,50751,-15.0,,18111.87291,108343,阿倍野区,58370,49939,108309,5.98
545,2017-02-01,57495,23.0,,5921.25182,122142,住之江区,63434,58603,122037,20.61
546,2017-02-01,71898,23.0,,16332.97872,153629,住吉区,81776,71754,153530,9.4
547,2017-02-01,58270,-6.0,,12931.48718,126137,東住吉区,66743,59339,126082,9.75
548,2017-02-01,89728,-75.0,,12788.8089,195590,平野区,102830,92583,195413,15.28
549,2017-02-01,69093,-12.0,,15008.41248,110660,西成区,46745,63867,110612,7.37
550,2017-01-01,1375644,-211.0,,12004.1428,2703613,大阪市,1395856,1307597,2703453,225.21
551,2017-01-01,75902,37.0,,12225.14507,126285,北区,65334,61074,126408,10.34
552,2017-01-01,52811,-32.0,,17416.776319999994,105907,都島区,54780,51114,105894,6.08
553,2017-01-01,38419,23.0,,15770.87794,73584,福島区,38907,34743,73650,4.67
554,2017-01-01,30970,25.0,,3448.5194810000007,66343,此花区,33929,32455,66384,19.25
555,2017-01-01,60788,-55.0,,10766.62909,95553,中央区,50945,44555,95500,8.87
556,2017-01-01,54428,39.0,,18448.7524,96008,西区,50862,45256,96118,5.21
557,2017-01-01,40456,-41.0,,10362.72265,81537,港区,41610,39841,81451,7.86
558,2017-01-01,29314,-32.0,,6845.8112409999985,64599,大正区,33047,31509,64556,9.43
559,2017-01-01,38984,4.0,,16014.04959,77424,天王寺区,41495,36013,77508,4.84
560,2017-01-01,48990,-8.0,,16256.49203,71387,浪速区,35144,36222,71366,4.39
561,2017-01-01,43467,16.0,,6711.603376000001,95453,西淀川区,48482,46957,95439,14.22
562,2017-01-01,96481,53.0,,14082.35759,177930,淀川区,89697,88304,178001,12.64
563,2017-01-01,93971,-59.0,,13218.23662,175491,東淀川区,89074,86332,175406,13.27
564,2017-01-01,40575,121.0,,17843.17181,80876,東成区,42249,38759,81008,4.54
565,2017-01-01,64482,-118.0,,15498.44683,129907,生野区,67326,62396,129722,8.37
566,2017-01-01,43898,1.0,,14450.31646,91346,旭区,47846,43480,91326,6.32
567,2017-01-01,77602,10.0,,19755.36993,165515,城東区,86812,78738,165550,8.38
568,2017-01-01,46809,14.0,,13667.68666,111625,鶴見区,58158,53507,111665,8.17
569,2017-01-01,50766,-59.0,,18117.55853,108373,阿倍野区,58376,49967,108343,5.98
570,2017-01-01,57472,-23.0,,5926.346434,122202,住之江区,63491,58651,122142,20.61
571,2017-01-01,71875,-124.0,,16343.51064,153779,住吉区,81839,71790,153629,9.4
572,2017-01-01,58276,-29.0,,12937.12821,126144,東住吉区,66754,59383,126137,9.75
573,2017-01-01,89803,44.0,,12800.39267,195608,平野区,102933,92657,195590,15.28
574,2017-01-01,69105,-18.0,,15014.92537,110737,西成区,46766,63894,110660,7.37
575,2016-12-01,1375855,288.0,,12004.85325,2703488,大阪市,1395785,1307828,2703613,225.21
576,2016-12-01,75865,34.0,,12213.24952,126131,北区,65246,61039,126285,10.34
577,2016-12-01,52843,26.0,,17418.91447,105869,都島区,54811,51096,105907,6.08
578,2016-12-01,38396,57.0,,15756.745180000002,73430,福島区,38853,34731,73584,4.67
579,2016-12-01,30945,-17.0,,3446.38961,66452,此花区,33908,32435,66343,19.25
580,2016-12-01,60843,55.0,,10772.60428,95484,中央区,50972,44581,95553,8.87
581,2016-12-01,54389,102.0,,18427.63916,95828,西区,50785,45223,96008,5.21
582,2016-12-01,40497,-16.0,,10373.66412,81568,港区,41659,39878,81537,7.86
583,2016-12-01,29346,28.0,,6850.371156,64618,大正区,33084,31515,64599,9.43
584,2016-12-01,38980,25.0,,15996.69421,77325,天王寺区,41441,35983,77424,4.84
585,2016-12-01,48998,8.0,,16261.275630000002,71353,浪速区,35150,36237,71387,4.39
586,2016-12-01,43451,73.0,,6712.587904000001,95364,西淀川区,48516,46937,95453,14.22
587,2016-12-01,96428,-17.0,,14076.74051,177925,淀川区,89656,88274,177930,12.64
588,2016-12-01,94030,-17.0,,13224.64205,175625,東淀川区,89120,86371,175491,13.27
589,2016-12-01,40454,48.0,,17814.09692,80847,東成区,42188,38688,80876,4.54
590,2016-12-01,64600,-36.0,,15520.54958,130004,生野区,67382,62525,129907,8.37
591,2016-12-01,43897,-53.0,,14453.48101,91449,旭区,47833,43513,91346,6.32
592,2016-12-01,77592,8.0,,19751.19332,165467,城東区,86730,78785,165515,8.38
593,2016-12-01,46795,41.0,,13662.7907,111530,鶴見区,58157,53468,111625,8.17
594,2016-12-01,50825,-23.0,,18122.57525,108400,阿倍野区,58395,49978,108373,5.98
595,2016-12-01,57495,26.0,,5929.257642000001,122247,住之江区,63492,58710,122202,20.61
596,2016-12-01,71999,-49.0,,16359.46809,153803,住吉区,81954,71825,153779,9.4
597,2016-12-01,58305,10.0,,12937.84615,126212,東住吉区,66740,59404,126144,9.75
598,2016-12-01,89759,10.0,,12801.57068,195675,平野区,102922,92686,195608,15.28
599,2016-12-01,69123,-35.0,,15025.373130000002,110882,西成区,46791,63946,110737,7.37
600,2016-11-01,1375567,1897.0,,12004.29821,2702033,大阪市,1395634,1307854,2703488,225.21
601,2016-11-01,75831,75.0,,12198.3559,125983,北区,65169,60962,126131,10.34
602,2016-11-01,52817,103.0,,17412.66447,105779,都島区,54796,51073,105869,6.08
603,2016-11-01,38339,58.0,,15723.76874,73352,福島区,38783,34647,73430,4.67
604,2016-11-01,30962,25.0,,3452.051948,66421,此花区,33982,32470,66452,19.25
605,2016-11-01,60788,13.0,,10764.82525,95457,中央区,50897,44587,95484,8.87
606,2016-11-01,54287,183.0,,18393.09021,95522,西区,50683,45145,95828,5.21
607,2016-11-01,40513,65.0,,10377.60814,81551,港区,41695,39873,81568,7.86
608,2016-11-01,29318,-20.0,,6852.386001999998,64672,大正区,33093,31525,64618,9.43
609,2016-11-01,38955,17.0,,15976.23967,77290,天王寺区,41370,35955,77325,4.84
610,2016-11-01,48990,345.0,,16253.53075,71001,浪速区,35130,36223,71353,4.39
611,2016-11-01,43378,20.0,,6706.329114,95374,西淀川区,48466,46898,95364,14.22
612,2016-11-01,96445,51.0,,14076.34494,177868,淀川区,89623,88302,177925,12.64
613,2016-11-01,94047,111.0,,13234.74002,175631,東淀川区,89189,86436,175625,13.27
614,2016-11-01,40406,144.0,,17807.70925,80733,東成区,42215,38632,80847,4.54
615,2016-11-01,64636,248.0,,15532.13859,129838,生野区,67408,62596,130004,8.37
616,2016-11-01,43950,41.0,,14469.77848,91458,旭区,47890,43559,91449,6.32
617,2016-11-01,77584,87.0,,19745.46539,165360,城東区,86679,78788,165467,8.38
618,2016-11-01,46754,22.0,,13651.16279,111575,鶴見区,58094,53436,111530,8.17
619,2016-11-01,50848,156.0,,18127.0903,108193,阿倍野区,58414,49986,108400,5.98
620,2016-11-01,57469,61.0,,5931.441048,122195,住之江区,63515,58732,122247,20.61
621,2016-11-01,72048,14.0,,16362.02128,153869,住吉区,81990,71813,153803,9.4
622,2016-11-01,58295,33.0,,12944.82051,126231,東住吉区,66769,59443,126212,9.75
623,2016-11-01,89749,13.0,,12805.9555,195755,平野区,102934,92741,195675,15.28
624,2016-11-01,69158,32.0,,15045.04749,110925,西成区,46850,64032,110882,7.37
625,2016-10-01,1373670,575.0,,11997.83757,2701728,大阪市,1394871,1307162,2702033,225.21
626,2016-10-01,75756,-8.0,,12184.04255,125987,北区,65102,60881,125983,10.34
627,2016-10-01,52714,137.0,,17397.86184,105565,都島区,54741,51038,105779,6.08
628,2016-10-01,38281,-5.0,,15707.066380000002,73331,福島区,38736,34616,73352,4.67
629,2016-10-01,30937,27.0,,3450.441558,66336,此花区,33960,32461,66421,19.25
630,2016-10-01,60775,26.0,,10761.78129,95381,中央区,50901,44556,95457,8.87
631,2016-10-01,54104,53.0,,18334.35701,95403,西区,50492,45030,95522,5.21
632,2016-10-01,40448,-18.0,,10375.44529,81614,港区,41722,39829,81551,7.86
633,2016-10-01,29338,12.0,,6858.112407,64641,大正区,33112,31560,64672,9.43
634,2016-10-01,38938,8.0,,15969.00826,77247,天王寺区,41358,35932,77290,4.84
635,2016-10-01,48645,-8.0,,16173.34852,71010,浪速区,34941,36060,71001,4.39
636,2016-10-01,43358,7.0,,6707.032349,95409,西淀川区,48457,46917,95374,14.22
637,2016-10-01,96394,109.0,,14071.83544,177746,淀川区,89627,88241,177868,12.64
638,2016-10-01,93936,86.0,,13235.19216,175646,東淀川区,89187,86444,175631,13.27
639,2016-10-01,40262,-55.0,,17782.59912,80834,東成区,42160,38573,80733,4.54
640,2016-10-01,64388,80.0,,15512.30585,129824,生野区,67342,62496,129838,8.37
641,2016-10-01,43909,46.0,,14471.20253,91452,旭区,47900,43558,91458,6.32
642,2016-10-01,77497,20.0,,19732.6969,165374,城東区,86649,78711,165360,8.38
643,2016-10-01,46732,10.0,,13656.67075,111582,鶴見区,58120,53455,111575,8.17
644,2016-10-01,50692,2.0,,18092.47492,108188,阿倍野区,58278,49915,108193,5.98
645,2016-10-01,57408,17.0,,5928.918001,122198,住之江区,63480,58715,122195,20.61
646,2016-10-01,72034,-35.0,,16369.04255,153935,住吉区,82013,71856,153869,9.4
647,2016-10-01,58262,-20.0,,12946.76923,126261,東住吉区,66749,59482,126231,9.75
648,2016-10-01,89736,79.0,,12811.1911,195770,平野区,103003,92752,195755,15.28
649,2016-10-01,69126,5.0,,15050.88195,110994,西成区,46841,64084,110925,7.37
650,2016-09-01,1373095,959.0,,11996.48328,2701880,大阪市,1394620,1307108,2701728,225.21
651,2016-09-01,75764,105.0,,12184.4294,125887,北区,65142,60845,125987,10.34
652,2016-09-01,52577,87.0,,17362.66447,105518,都島区,54618,50947,105565,6.08
653,2016-09-01,38286,10.0,,15702.56959,73343,福島区,38724,34607,73331,4.67
654,2016-09-01,30910,28.0,,3446.025974,66350,此花区,33912,32424,66336,19.25
655,2016-09-01,60749,62.0,,10753.21308,95357,中央区,50822,44559,95381,8.87
656,2016-09-01,54051,40.0,,18311.51631,95264,西区,50404,44999,95403,5.21
657,2016-09-01,40466,20.0,,10383.46056,81670,港区,41733,39881,81614,7.86
658,2016-09-01,29326,30.0,,6854.825027,64681,大正区,33098,31543,64641,9.43
659,2016-09-01,38930,57.0,,15960.12397,77128,天王寺区,41338,35909,77247,4.84
660,2016-09-01,48653,23.0,,16175.398630000003,71035,浪速区,34908,36102,71010,4.39
661,2016-09-01,43351,33.0,,6709.493671,95455,西淀川区,48479,46930,95409,14.22
662,2016-09-01,96285,100.0,,14062.18354,177710,淀川区,89568,88178,177746,12.64
663,2016-09-01,93850,100.0,,13236.32253,175650,東淀川区,89208,86438,175646,13.27
664,2016-09-01,40317,93.0,,17804.84581,80806,東成区,42205,38629,80834,4.54
665,2016-09-01,64308,-39.0,,15510.63321,129915,生野区,67355,62469,129824,8.37
666,2016-09-01,43863,9.0,,14470.25316,91447,旭区,47890,43562,91452,6.32
667,2016-09-01,77477,32.0,,19734.36754,165332,城東区,86657,78717,165374,8.38
668,2016-09-01,46722,53.0,,13657.52754,111550,鶴見区,58139,53443,111582,8.17
669,2016-09-01,50690,20.0,,18091.6388,108210,阿倍野区,58289,49899,108188,5.98
670,2016-09-01,57391,60.0,,5929.063561,122224,住之江区,63485,58713,122198,20.61
671,2016-09-01,72069,32.0,,16376.06383,153968,住吉区,82055,71880,153935,9.4
672,2016-09-01,58282,31.0,,12949.84615,126290,東住吉区,66745,59516,126261,9.75
673,2016-09-01,89657,19.0,,12812.17277,195951,平野区,102970,92800,195770,15.28
674,2016-09-01,69121,-46.0,,15060.244230000002,111139,西成区,46876,64118,110994,7.37
675,2016-08-01,1372136,883.0,,11997.15821,2700732,大阪市,1394844,1307036,2701880,225.21
676,2016-08-01,75659,98.0,,12174.75822,125666,北区,65083,60804,125887,10.34
677,2016-08-01,52490,60.0,,17354.93421,105425,都島区,54602,50916,105518,6.08
678,2016-08-01,38276,40.0,,15705.13919,73266,福島区,38745,34598,73343,4.67
679,2016-08-01,30882,2.0,,3446.753247,66357,此花区,33917,32433,66350,19.25
680,2016-08-01,60687,73.0,,10750.50733,95160,中央区,50833,44524,95357,8.87
681,2016-08-01,54011,115.0,,18284.83685,95050,西区,50343,44921,95264,5.21
682,2016-08-01,40446,-9.0,,10390.58524,81685,港区,41787,39883,81670,7.86
683,2016-08-01,29296,-5.0,,6859.066808,64685,大正区,33110,31571,64681,9.43
684,2016-08-01,38873,42.0,,15935.53719,77029,天王寺区,41252,35876,77128,4.84
685,2016-08-01,48630,40.0,,16181.09339,70934,浪速区,34939,36096,71035,4.39
686,2016-08-01,43318,47.0,,6712.728551,95413,西淀川区,48535,46920,95455,14.22
687,2016-08-01,96185,51.0,,14059.33544,177656,淀川区,89579,88131,177710,12.64
688,2016-08-01,93750,-55.0,,13236.62396,175714,東淀川区,89203,86447,175650,13.27
689,2016-08-01,40224,59.0,,17798.67841,80732,東成区,42185,38621,80806,4.54
690,2016-08-01,64347,17.0,,15521.50538,129939,生野区,67380,62535,129915,8.37
691,2016-08-01,43854,-25.0,,14469.46203,91516,旭区,47867,43580,91447,6.32
692,2016-08-01,77445,71.0,,19729.35561,165254,城東区,86634,78698,165332,8.38
693,2016-08-01,46669,31.0,,13653.61077,111479,鶴見区,58151,53399,111550,8.17
694,2016-08-01,50670,1.0,,18095.31773,108226,阿倍野区,58325,49885,108210,5.98
695,2016-08-01,57331,68.0,,5930.325085,122205,住之江区,63519,58705,122224,20.61
696,2016-08-01,72037,-47.0,,16379.57447,154029,住吉区,82082,71886,153968,9.4
697,2016-08-01,58251,68.0,,12952.82051,126212,東住吉区,66782,59508,126290,9.75
698,2016-08-01,89638,89.0,,12824.01832,195990,平野区,103056,92895,195951,15.28
699,2016-08-01,69167,52.0,,15079.91859,111110,西成区,46935,64204,111139,7.37
700,2016-07-01,1371253,1268.0,,11992.06074,2699636,大阪市,1394245,1306487,2700732,225.21
701,2016-07-01,75561,37.0,,12153.38491,125541,北区,64989,60677,125666,10.34
702,2016-07-01,52430,79.0,,17339.63816,105342,都島区,54535,50890,105425,6.08
703,2016-07-01,38236,85.0,,15688.65096,73178,福島区,38727,34539,73266,4.67
704,2016-07-01,30880,-4.0,,3447.116883,66430,此花区,33906,32451,66357,19.25
705,2016-07-01,60614,71.0,,10728.29763,95024,中央区,50736,44424,95160,8.87
706,2016-07-01,53896,84.0,,18243.762,94901,西区,50230,44820,95050,5.21
707,2016-07-01,40455,-16.0,,10392.49364,81779,港区,41786,39899,81685,7.86
708,2016-07-01,29301,34.0,,6859.490986,64677,大正区,33119,31566,64685,9.43
709,2016-07-01,38831,43.0,,15915.08264,76924,天王寺区,41215,35814,77029,4.84
710,2016-07-01,48590,-13.0,,16158.08656,70961,浪速区,34858,36076,70934,4.39
711,2016-07-01,43271,54.0,,6709.774965,95372,西淀川区,48530,46883,95413,14.22
712,2016-07-01,96134,135.0,,14055.06329,177480,淀川区,89557,88099,177656,12.64
713,2016-07-01,93805,11.0,,13241.44687,175751,東淀川区,89240,86474,175714,13.27
714,2016-07-01,40165,86.0,,17782.37885,80668,東成区,42157,38575,80732,4.54
715,2016-07-01,64330,44.0,,15524.37276,129960,生野区,67371,62568,129939,8.37
716,2016-07-01,43879,24.0,,14480.37975,91512,旭区,47903,43613,91516,6.32
717,2016-07-01,77374,98.0,,19720.04773,165110,城東区,86608,78646,165254,8.38
718,2016-07-01,46638,24.0,,13644.92044,111465,鶴見区,58098,53381,111479,8.17
719,2016-07-01,50669,69.0,,18097.99331,108140,阿倍野区,58325,49901,108226,5.98
720,2016-07-01,57263,33.0,,5929.403202,122295,住之江区,63506,58699,122205,20.61
721,2016-07-01,72084,161.0,,16386.063830000006,153861,住吉区,82081,71948,154029,9.4
722,2016-07-01,58183,64.0,,12944.82051,126149,東住吉区,66769,59443,126212,9.75
723,2016-07-01,89549,102.0,,12826.57068,195933,平野区,103070,92920,195990,15.28
724,2016-07-01,69115,-37.0,,15075.983719999998,111183,西成区,46929,64181,111110,7.37
725,2016-06-01,1369985,1382.0,,11987.19417,2699164,大阪市,1393755,1305881,2699636,225.21
726,2016-06-01,75524,44.0,,12141.29594,125490,北区,64920,60621,125541,10.34
727,2016-06-01,52351,70.0,,17325.98684,105248,都島区,54495,50847,105342,6.08
728,2016-06-01,38151,118.0,,15669.80728,73038,福島区,38686,34492,73178,4.67
729,2016-06-01,30884,24.0,,3450.9090909999995,66428,此花区,33960,32470,66430,19.25
730,2016-06-01,60543,154.0,,10712.96505,94857,中央区,50645,44379,95024,8.87
731,2016-06-01,53812,121.0,,18215.16315,94707,西区,50192,44709,94901,5.21
732,2016-06-01,40471,2.0,,10404.45293,81822,港区,41845,39934,81779,7.86
733,2016-06-01,29267,42.0,,6858.6426299999985,64683,大正区,33126,31551,64677,9.43
734,2016-06-01,38788,81.0,,15893.38843,76734,天王寺区,41167,35757,76924,4.84
735,2016-06-01,48603,43.0,,16164.2369,70951,浪速区,34892,36069,70961,4.39
736,2016-06-01,43217,0.0,,6706.891702,95389,西淀川区,48501,46871,95372,14.22
737,2016-06-01,95999,279.0,,14041.13924,177195,淀川区,89521,87959,177480,12.64
738,2016-06-01,93794,45.0,,13244.23512,175871,東淀川区,89239,86512,175751,13.27
739,2016-06-01,40079,39.0,,17768.28194,80676,東成区,42116,38552,80668,4.54
740,2016-06-01,64286,90.0,,15526.88172,129964,生野区,67399,62561,129960,8.37
741,2016-06-01,43855,2.0,,14479.74684,91574,旭区,47884,43628,91512,6.32
742,2016-06-01,77276,43.0,,19702.86396,165125,城東区,86548,78562,165110,8.38
743,2016-06-01,46614,60.0,,13643.20685,111468,鶴見区,58086,53379,111465,8.17
744,2016-06-01,50600,1.0,,18083.61204,108223,阿倍野区,58285,49855,108140,5.98
745,2016-06-01,57230,34.0,,5933.770015,122390,住之江区,63536,58759,122295,20.61
746,2016-06-01,71923,38.0,,16368.19149,153860,住吉区,81965,71896,153861,9.4
747,2016-06-01,58119,17.0,,12938.35897,126229,東住吉区,66736,59413,126149,9.75
748,2016-06-01,89447,74.0,,12822.84031,195961,平野区,103044,92889,195933,15.28
749,2016-06-01,69152,-39.0,,15085.88874,111281,西成区,46967,64216,111183,7.37
750,2016-05-01,1368603,5005.0,,11985.09835,2694610,大阪市,1393647,1305517,2699164,225.21
751,2016-05-01,75480,303.0,,12136.36364,125072,北区,64900,60590,125490,10.34
752,2016-05-01,52281,213.0,,17310.526319999994,105013,都島区,54458,50790,105248,6.08
753,2016-05-01,38033,75.0,,15639.82869,72960,福島区,38635,34403,73038,4.67
754,2016-05-01,30860,60.0,,3450.805195000001,66445,此花区,33964,32464,66428,19.25
755,2016-05-01,60389,317.0,,10694.13754,94365,中央区,50552,44305,94857,8.87
756,2016-05-01,53691,487.0,,18177.92706,93937,西区,50087,44620,94707,5.21
757,2016-05-01,40469,34.0,,10409.92366,81878,港区,41851,39971,81822,7.86
758,2016-05-01,29225,32.0,,6859.278897,64738,大正区,33134,31549,64683,9.43
759,2016-05-01,38707,202.0,,15854.13223,76422,天王寺区,41065,35669,76734,4.84
760,2016-05-01,48560,246.0,,16161.959,70715,浪速区,34896,36055,70951,4.39
761,2016-05-01,43217,145.0,,6708.0872009999985,95279,西淀川区,48492,46897,95389,14.22
762,2016-05-01,95720,483.0,,14018.59177,176700,淀川区,89445,87750,177195,12.64
763,2016-05-01,93749,294.0,,13253.27807,175675,東淀川区,89310,86561,175871,13.27
764,2016-05-01,40040,161.0,,17770.04405,80538,東成区,42123,38553,80676,4.54
765,2016-05-01,64196,444.0,,15527.35962,129650,生野区,67378,62586,129964,8.37
766,2016-05-01,43853,145.0,,14489.55696,91470,旭区,47925,43649,91574,6.32
767,2016-05-01,77233,204.0,,19704.65394,165007,城東区,86531,78594,165125,8.38
768,2016-05-01,46554,50.0,,13643.57405,111473,鶴見区,58076,53392,111468,8.17
769,2016-05-01,50599,250.0,,18097.49164,107985,阿倍野区,58359,49864,108223,5.98
770,2016-05-01,57196,99.0,,5938.379427000002,122391,住之江区,63604,58786,122390,20.61
771,2016-05-01,71885,208.0,,16368.08511,153651,住吉区,81984,71876,153860,9.4
772,2016-05-01,58102,181.0,,12946.5641,126091,東住吉区,66776,59453,126229,9.75
773,2016-05-01,89373,115.0,,12824.67277,196058,平野区,103076,92885,195961,15.28
774,2016-05-01,69191,257.0,,15099.18589,111097,西成区,47026,64255,111281,7.37
775,2016-04-01,1363598,5134.0,,11964.87723,2692845,大阪市,1391293,1303317,2694610,225.21
776,2016-04-01,75177,365.0,,12095.9381,124749,北区,64674,60398,125072,10.34
777,2016-04-01,52068,325.0,,17271.875,104831,都島区,54384,50629,105013,6.08
778,2016-04-01,37958,294.0,,15623.12634,72706,福島区,38592,34368,72960,4.67
779,2016-04-01,30800,48.0,,3451.688312,66517,此花区,33982,32463,66445,19.25
780,2016-04-01,60072,513.0,,10638.66967,93765,中央区,50282,44083,94365,8.87
781,2016-04-01,53204,496.0,,18030.13436,93275,西区,49684,44253,93937,5.21
782,2016-04-01,40435,86.0,,10417.04835,81915,港区,41878,40000,81878,7.86
783,2016-04-01,29193,47.0,,6865.111347,64828,大正区,33173,31565,64738,9.43
784,2016-04-01,38505,45.0,,15789.669419999998,76390,天王寺区,40889,35533,76422,4.84
785,2016-04-01,48314,142.0,,16108.20046,70648,浪速区,34738,35977,70715,4.39
786,2016-04-01,43072,130.0,,6700.351617,95357,西淀川区,48429,46850,95279,14.22
787,2016-04-01,95237,657.0,,13979.430380000002,176210,淀川区,89255,87445,176700,12.64
788,2016-04-01,93455,590.0,,13238.50791,175464,東淀川区,89209,86466,175675,13.27
789,2016-04-01,39879,166.0,,17739.64758,80507,東成区,42044,38494,80538,4.54
790,2016-04-01,63752,162.0,,15489.844680000002,129709,生野区,67220,62430,129650,8.37
791,2016-04-01,43708,135.0,,14473.10127,91442,旭区,47847,43623,91470,6.32
792,2016-04-01,77029,269.0,,19690.57279,164958,城東区,86454,78553,165007,8.38
793,2016-04-01,46504,114.0,,13644.18605,111484,鶴見区,58077,53396,111473,8.17
794,2016-04-01,50349,28.0,,18057.69231,108063,阿倍野区,58246,49739,107985,5.98
795,2016-04-01,57097,118.0,,5938.427948,122591,住之江区,63591,58800,122391,20.61
796,2016-04-01,71677,171.0,,16345.85106,153695,住吉区,81899,71752,153651,9.4
797,2016-04-01,57921,94.0,,12932.41026,126138,東住吉区,66712,59379,126091,9.75
798,2016-04-01,89258,173.0,,12831.02094,196336,平野区,103093,92965,196058,15.28
799,2016-04-01,68934,-34.0,,15074.21981,111267,西成区,46941,64156,111097,7.37
800,2016-03-01,1358464,677.0,,11957.0401,2693201,大阪市,1389722,1303123,2692845,225.21
801,2016-03-01,74812,195.0,,12064.70019,124482,北区,64419,60330,124749,10.34
802,2016-03-01,51743,96.0,,17241.94079,104726,都島区,54251,50580,104831,6.08
803,2016-03-01,37664,33.0,,15568.73662,72667,福島区,38452,34254,72706,4.67
804,2016-03-01,30752,36.0,,3455.428571,66523,此花区,34017,32500,66517,19.25
805,2016-03-01,59559,53.0,,10571.02593,93713,中央区,49926,43839,93765,8.87
806,2016-03-01,52708,109.0,,17903.07102,93147,西区,49309,43966,93275,5.21
807,2016-03-01,40349,37.0,,10421.75573,81932,港区,41869,40046,81915,7.86
808,2016-03-01,29146,0.0,,6874.655355,64913,大正区,33204,31624,64828,9.43
809,2016-03-01,38460,63.0,,15783.05785,76319,天王寺区,40828,35562,76390,4.84
810,2016-03-01,48172,50.0,,16092.9385,70618,浪速区,34762,35886,70648,4.39
811,2016-03-01,42942,20.0,,6705.83685,95369,西淀川区,48469,46888,95357,14.22
812,2016-03-01,94580,-19.0,,13940.66456,176328,淀川区,88936,87274,176210,12.64
813,2016-03-01,92865,77.0,,13222.60739,175553,東淀川区,89067,86397,175464,13.27
814,2016-03-01,39713,21.0,,17732.81938,80517,東成区,41980,38527,80507,4.54
815,2016-03-01,63590,-21.0,,15496.89367,129816,生野区,67240,62469,129709,8.37
816,2016-03-01,43573,-27.0,,14468.67089,91510,旭区,47814,43628,91442,6.32
817,2016-03-01,76760,28.0,,19684.72554,164986,城東区,86380,78578,164958,8.38
818,2016-03-01,46390,26.0,,13645.53244,111494,鶴見区,58081,53403,111484,8.17
819,2016-03-01,50321,32.0,,18070.73579,108020,阿倍野区,58242,49821,108063,5.98
820,2016-03-01,56979,28.0,,5948.131975,122645,住之江区,63667,58924,122591,20.61
821,2016-03-01,71506,-37.0,,16350.53191,153815,住吉区,81926,71769,153695,9.4
822,2016-03-01,57827,-28.0,,12937.23077,126192,東住吉区,66629,59509,126138,9.75
823,2016-03-01,89085,18.0,,12849.21466,196460,平野区,103260,93076,196336,15.28
824,2016-03-01,68968,-113.0,,15097.2863,111456,西成区,46994,64273,111267,7.37
825,2016-02-01,1357787,224.0,,11958.62084,2693239,大阪市,1389911,1303290,2693201,225.21
826,2016-02-01,74617,153.0,,12038.87814,124200,北区,64261,60221,124482,10.34
827,2016-02-01,51647,43.0,,17224.67105,104698,都島区,54185,50541,104726,6.08
828,2016-02-01,37631,42.0,,15560.38544,72644,福島区,38438,34229,72667,4.67
829,2016-02-01,30716,-4.0,,3455.74026,66564,此花区,34002,32521,66523,19.25
830,2016-02-01,59506,124.0,,10565.16347,93490,中央区,49895,43818,93713,8.87
831,2016-02-01,52599,78.0,,17878.50288,93011,西区,49218,43929,93147,5.21
832,2016-02-01,40312,-46.0,,10423.91858,81994,港区,41905,40027,81932,7.86
833,2016-02-01,29146,-26.0,,6883.6691409999985,64990,大正区,33270,31643,64913,9.43
834,2016-02-01,38397,48.0,,15768.38843,76222,天王寺区,40811,35508,76319,4.84
835,2016-02-01,48122,135.0,,16086.10478,70429,浪速区,34763,35855,70618,4.39
836,2016-02-01,42922,-8.0,,6706.680731,95400,西淀川区,48459,46910,95369,14.22
837,2016-02-01,94599,16.0,,13950.0,176301,淀川区,88991,87337,176328,12.64
838,2016-02-01,92788,-53.0,,13229.31424,175645,東淀川区,89157,86396,175553,13.27
839,2016-02-01,39692,-44.0,,17735.02203,80566,東成区,41990,38527,80517,4.54
840,2016-02-01,63611,-82.0,,15509.677419999998,129968,生野区,67305,62511,129816,8.37
841,2016-02-01,43600,-32.0,,14479.430380000002,91581,旭区,47846,43664,91510,6.32
842,2016-02-01,76732,76.0,,19688.06683,164890,城東区,86398,78588,164986,8.38
843,2016-02-01,46364,13.0,,13646.75643,111485,鶴見区,58058,53436,111494,8.17
844,2016-02-01,50289,-30.0,,18063.54515,108011,阿倍野区,58232,49788,108020,5.98
845,2016-02-01,56951,-17.0,,5950.752062,122759,住之江区,63686,58959,122645,20.61
846,2016-02-01,71543,-52.0,,16363.29787,153971,住吉区,81978,71837,153815,9.4
847,2016-02-01,57855,37.0,,12942.76923,126248,東住吉区,66648,59544,126192,9.75
848,2016-02-01,89067,-29.0,,12857.32984,196516,平野区,103348,93112,196460,15.28
849,2016-02-01,69081,-118.0,,15122.9308,111656,西成区,47067,64389,111456,7.37
850,2016-01-01,1357563,187.0,,11958.78957,2692960,大阪市,1389860,1303379,2693239,225.21
851,2016-01-01,74464,107.0,,12011.60542,123984,北区,64152,60048,124200,10.34
852,2016-01-01,51604,-2.0,,17220.06579,104722,都島区,54180,50518,104698,6.08
853,2016-01-01,37589,48.0,,15555.46039,72531,福島区,38401,34243,72644,4.67
854,2016-01-01,30720,4.0,,3457.87013,66595,此花区,34022,32542,66564,19.25
855,2016-01-01,59382,13.0,,10540.02255,93425,中央区,49791,43699,93490,8.87
856,2016-01-01,52521,61.0,,17852.399230000006,92883,西区,49165,43846,93011,5.21
857,2016-01-01,40358,-40.0,,10431.80662,82051,港区,41929,40065,81994,7.86
858,2016-01-01,29172,-12.0,,6891.8345709999985,65065,大正区,33302,31688,64990,9.43
859,2016-01-01,38349,167.0,,15748.34711,75891,天王寺区,40749,35473,76222,4.84
860,2016-01-01,47987,41.0,,16043.05239,70322,浪速区,34685,35744,70429,4.39
861,2016-01-01,42930,-18.0,,6708.860759,95470,西淀川区,48459,46941,95400,14.22
862,2016-01-01,94583,-18.0,,13947.863919999998,176304,淀川区,88975,87326,176301,12.64
863,2016-01-01,92841,43.0,,13236.24717,175590,東淀川区,89194,86451,175645,13.27
864,2016-01-01,39736,62.0,,17745.814980000006,80509,東成区,42025,38541,80566,4.54
865,2016-01-01,63693,-28.0,,15527.83751,130082,生野区,67380,62588,129968,8.37
866,2016-01-01,43632,11.0,,14490.66456,91504,旭区,47866,43715,91581,6.32
867,2016-01-01,76656,-15.0,,19676.61098,164868,城東区,86350,78540,164890,8.38
868,2016-01-01,46351,-2.0,,13645.65483,111493,鶴見区,58073,53412,111485,8.17
869,2016-01-01,50319,21.0,,18062.04013,107984,阿倍野区,58212,49799,108011,5.98
870,2016-01-01,56968,15.0,,5956.283358,122833,住之江区,63739,59020,122759,20.61
871,2016-01-01,71595,-148.0,,16379.89362,154168,住吉区,82064,71907,153971,9.4
872,2016-01-01,57818,-36.0,,12948.51282,126284,東住吉区,66679,59569,126248,9.75
873,2016-01-01,89096,33.0,,12860.99476,196563,平野区,103346,93170,196516,15.28
874,2016-01-01,69199,-120.0,,15150.06784,111839,西成区,47122,64534,111656,7.37
875,2015-12-01,1357376,685.0,,11957.55073,2692763,大阪市,1389666,1303294,2692960,225.21
876,2015-12-01,74357,123.0,,11990.71567,123821,北区,64025,59959,123984,10.34
877,2015-12-01,51606,6.0,,17224.01316,104722,都島区,54187,50535,104722,6.08
878,2015-12-01,37541,4.0,,15531.26338,72549,福島区,38346,34185,72531,4.67
879,2015-12-01,30716,-5.0,,3459.480519,66639,此花区,34048,32547,66595,19.25
880,2015-12-01,59369,80.0,,10532.69448,93355,中央区,49763,43662,93425,8.87
881,2015-12-01,52460,97.0,,17827.83109,92729,西区,49103,43780,92883,5.21
882,2015-12-01,40398,33.0,,10439.05852,82032,港区,41940,40111,82051,7.86
883,2015-12-01,29184,-29.0,,6899.787911,65126,大正区,33325,31740,65065,9.43
884,2015-12-01,38182,33.0,,15679.958680000002,75858,天王寺区,40570,35321,75891,4.84
885,2015-12-01,47946,93.0,,16018.67882,70142,浪速区,34610,35712,70322,4.39
886,2015-12-01,42948,23.0,,6713.783404000002,95472,西淀川区,48482,46988,95470,14.22
887,2015-12-01,94601,6.0,,13948.10127,176343,淀川区,88948,87356,176304,12.64
888,2015-12-01,92798,143.0,,13232.10249,175544,東淀川区,89163,86427,175590,13.27
889,2015-12-01,39674,-24.0,,17733.25991,80562,東成区,42008,38501,80509,4.54
890,2015-12-01,63721,-53.0,,15541.45759,130220,生野区,67504,62578,130082,8.37
891,2015-12-01,43621,-32.0,,14478.48101,91560,旭区,47832,43672,91504,6.32
892,2015-12-01,76671,104.0,,19673.98568,164794,城東区,86332,78536,164868,8.38
893,2015-12-01,46353,2.0,,13646.63403,111495,鶴見区,58079,53414,111493,8.17
894,2015-12-01,50298,24.0,,18057.52508,107876,阿倍野区,58255,49729,107984,5.98
895,2015-12-01,56953,41.0,,5959.873847999998,122882,住之江区,63788,59045,122833,20.61
896,2015-12-01,71743,-22.0,,16400.85106,154234,住吉区,82134,72034,154168,9.4
897,2015-12-01,57854,52.0,,12952.20513,126248,東住吉区,66674,59610,126284,9.75
898,2015-12-01,89063,13.0,,12864.07068,196634,平野区,103362,93201,196563,15.28
899,2015-12-01,69319,-27.0,,15174.89824,111926,西成区,47188,64651,111839,7.37
900,2015-11-01,1356691,1898.0,,11956.67599,2691185,大阪市,1389546,1303217,2692763,225.21
901,2015-11-01,74234,52.0,,11974.95164,123667,北区,63957,59864,123821,10.34
902,2015-11-01,51600,51.0,,17224.01316,104727,都島区,54199,50523,104722,6.08
903,2015-11-01,37537,27.0,,15535.11777,72484,福島区,38359,34190,72549,4.67
904,2015-11-01,30721,9.0,,3461.766234,66656,此花区,34061,32578,66639,19.25
905,2015-11-01,59289,205.0,,10524.80271,93069,中央区,49709,43646,93355,8.87
906,2015-11-01,52363,225.0,,17798.27255,92430,西区,49016,43713,92729,5.21
907,2015-11-01,40365,17.0,,10436.64122,82035,港区,41922,40110,82032,7.86
908,2015-11-01,29213,4.0,,6906.256628,65141,大正区,33354,31772,65126,9.43
909,2015-11-01,38149,91.0,,15673.1405,75729,天王寺区,40564,35294,75858,4.84
910,2015-11-01,47853,312.0,,15977.67654,69766,浪速区,34526,35616,70142,4.39
911,2015-11-01,42925,1.0,,6713.924051000001,95490,西淀川区,48500,46972,95472,14.22
912,2015-11-01,94595,135.0,,13951.18671,176201,淀川区,88975,87368,176343,12.64
913,2015-11-01,92655,119.0,,13228.63602,175530,東淀川区,89157,86387,175544,13.27
914,2015-11-01,39698,15.0,,17744.93392,80563,東成区,42024,38538,80562,4.54
915,2015-11-01,63774,152.0,,15557.94504,130167,生野区,67546,62674,130220,8.37
916,2015-11-01,43653,-47.0,,14487.34177,91608,旭区,47838,43722,91560,6.32
917,2015-11-01,76567,112.0,,19665.155130000006,164697,城東区,86281,78513,164794,8.38
918,2015-11-01,46351,-7.0,,13646.878819999998,111557,鶴見区,58083,53412,111495,8.17
919,2015-11-01,50274,170.0,,18039.46488,107626,阿倍野区,58196,49680,107876,5.98
920,2015-11-01,56912,-8.0,,5962.251334000001,122988,住之江区,63817,59065,122882,20.61
921,2015-11-01,71765,47.0,,16407.87234,154239,住吉区,82200,72034,154234,9.4
922,2015-11-01,57802,5.0,,12948.51282,126299,東住吉区,66654,59594,126248,9.75
923,2015-11-01,89050,90.0,,12868.71728,196633,平野区,103385,93249,196634,15.28
924,2015-11-01,69346,121.0,,15186.70285,111883,西成区,47223,64703,111926,7.37
